setup,configuration,n,sum_mean,sum_ci_low,sum_ci_high,mean_coordinate_cost,min_coordinate_cost,max_coordinate_cost,mean_runtime_seconds,mean_sum_scoring_se_upper_bound,max_sum_scoring_se_upper_bound,slice0_mean,slice0_ci_low,slice0_ci_high,slice0_mean_score_se,slice0_max_score_se,slice1_mean,slice1_ci_low,slice1_ci_high,slice1_mean_score_se,slice1_max_score_se,slice2_mean,slice2_ci_low,slice2_ci_high,slice2_mean_score_se,slice2_max_score_se
stat,Fine / full,20,-11.99329730127171,-12.25687393513593,-11.72972066740749,40.8,38,44,20.599703395366667,0.013114495000305215,0.013155427692016679,-1.9550039987045953,-2.0191588637188644,-1.8908491336903261,0.003162315340943927,0.00317896612426656,-3.9885620280839063,-4.102752663523381,-3.8743713926444316,0.0044726629771341475,0.004493006607046283,-6.049731274483208,-6.155760154571421,-5.943702394394995,0.00547951668222714,0.005502276427045695
stat,Fine / coarse,20,-11.720906489807723,-11.989471119158727,-11.452341860456718,54,54,54,10.446268939971924,0.013114495000305215,0.013155427692016679,-1.9111425943140914,-1.968963514662745,-1.8533216739654377,0.003162315340943927,0.00317896612426656,-3.8818254812047455,-3.9783825519521883,-3.7852684104573027,0.0044726629771341475,0.004493006607046283,-5.927938414288886,-6.063664405517835,-5.792212423059937,0.00547951668222714,0.005502276427045695
stat,Quotient / coarse,20,-12.74473579523869,-12.867089782042449,-12.62238180843493,54,54,54,11.707460105419159,0.013114495000305215,0.013155427692016679,-2.1520436073566716,-2.1533711598595775,-2.1507160548537656,0.003162315340943927,0.00317896612426656,-4.258233314083777,-4.30917211586535,-4.207294512302204,0.0044726629771341475,0.004493006607046283,-6.334458873798241,-6.417349961211943,-6.2515677863845385,0.00547951668222714,0.005502276427045695
ind,Fine / full,20,-9.656701895796434,-10.380245383953834,-8.933158407639034,38.65,36,40,17.332951056957246,0.013217182068227059,0.013932096354066269,-1.7826055701480905,-1.964527277162308,-1.6006838631338731,0.0031693296948733097,0.00324274329061509,-3.287236546320785,-3.600949900172432,-2.973523192469138,0.004505483972652916,0.004878756127522496,-4.586859779327559,-4.918758082635881,-4.254961476019238,0.005542368400700833,0.0058234643330467035
ind,Fine / coarse,20,-11.193786716386068,-11.819890565047018,-10.567682867725118,54,54,54,9.013463878631592,0.013114495000305215,0.013155427692016679,-1.9223368893566812,-2.020364144096434,-1.8243096346169283,0.003162315340943927,0.00317896612426656,-3.7174747424115338,-3.996598302411276,-3.4383511824117914,0.0044726629771341475,0.004493006607046283,-5.553975084617853,-5.878428442955741,-5.229521726279964,0.00547951668222714,0.005502276427045695
ind,Quotient / coarse,20,-11.193786716386068,-11.819890565047018,-10.567682867725118,54,54,54,10.357029211521148,0.013114495000305215,0.013155427692016679,-1.9223368893566812,-2.020364144096434,-1.8243096346169283,0.003162315340943927,0.00317896612426656,-3.7174747424115338,-3.996598302411276,-3.4383511824117914,0.0044726629771341475,0.004493006607046283,-5.553975084617853,-5.878428442955741,-5.229521726279964,0.00547951668222714,0.005502276427045695
nonstat_regularized,Fine / full,20,2.31605715968541,1.4820881093851404,3.15002620998568,39,35,41,22.90790984630585,0.01736010536450663,0.017415270021623262,4.279373910283315,4.277063888347134,4.281683932219496,0.0048971718588427535,0.004913059736409583,-6.811438664814162,-7.269177894553365,-6.353699435074959,0.005829660421618953,0.0058503038679934205,4.848121914216257,4.373279549783066,5.322964278649448,0.006633273084044923,0.0066622720154147635
nonstat_regularized,Fine / coarse,20,4.0389053666767625,3.051119383039718,5.026691350313807,54,54,54,9.932230162620545,0.013113009154982305,0.013155876956453587,5.471919086971636,5.4705915344687295,5.473246639474542,0.003162315340943927,0.00317896612426656,-7.8881176609821635,-8.31638295375289,-7.459852368211435,0.004471828236234118,0.004486795635888937,6.45510394068729,5.823215500043493,7.086992381331087,0.00547886557780426,0.005503988504457879
nonstat_regularized,Quotient / coarse,20,3.805572033343429,2.8863005904392285,4.72484347624763,54,54,54,10.294439160823822,0.013113009154982305,0.013155876956453585,5.471919086971636,5.4705915344687295,5.473246639474542,0.003162315340943927,0.00317896612426656,-7.996450994315497,-8.391041003465155,-7.601860985165839,0.004471828236234118,0.004486795635888937,6.33010394068729,5.729305210282619,6.930902671091961,0.00547886557780426,0.005503988504457878
