unit_id,setup,algo,action_menu,seed,committed_slice_sum,intervention_coordinate_cost,total_runtime_seconds,sum_score_se_upper_bound,slice0,slice0_score_se,slice1,slice1_score_se,slice2,slice2_score_se
stat-DCBO-native-seed2000,stat,DCBO,native,2000,-11.998995059323757,40,20.260902643203735,0.013119412951607755,-1.8507683426887138,0.0031652932265101856,-3.997397834139633,0.004468342116739235,-6.150828882495411,0.005485777608358336
stat-DCBO-coarse-seed2000,stat,DCBO,coarse,2000,-11.396742526717304,54,10.541115045547485,0.013119412951607755,-1.8507683426887138,0.0031652932265101856,-3.6962715678364066,0.004468342116739235,-5.849702616192184,0.005485777608358336
stat-QDCBO-native-seed2000,stat,QDCBO,native,2000,-12.902373858233432,54,9.861865758895874,0.013119412951607755,-2.1518946089919395,0.0031652932265101856,-4.298524100442857,0.004468342116739235,-6.451955148798635,0.005485777608358336
ind-DCBO-native-seed2000,ind,DCBO,native,2000,-11.323853487906609,39,15.761076927185059,0.013119412951607755,-2.0068058166622955,0.0031652932265101856,-4.008346515783572,0.004468342116739235,-5.308701155460742,0.005485777608358336
ind-DCBO-coarse-seed2000,ind,DCBO,coarse,2000,-12.031841104255573,54,8.643099784851074,0.013119412951607755,-2.0068058166622955,0.0031652932265101856,-4.008346515783572,0.004468342116739235,-6.016688771809706,0.005485777608358336
ind-QDCBO-native-seed2000,ind,QDCBO,native,2000,-12.031841104255573,54,10.212600946426392,0.013119412951607755,-2.0068058166622955,0.0031652932265101856,-4.008346515783572,0.004468342116739235,-6.016688771809706,0.005485777608358336
nonstat_regularized-DCBO-native-seed2000,nonstat_regularized,DCBO,native,2000,1.4891287725950866,41,23.175500869750977,0.01737444882553053,4.278611869500925,0.004899226249407681,-7.273414621623116,0.005824658568277035,4.483931524717278,0.0066505640078458154
nonstat_regularized-DCBO-coarse-seed2000,nonstat_regularized,DCBO,coarse,2000,2.8037971096426526,54,9.959676504135132,0.013132748981640296,5.472068085336368,0.0031652932265101856,-8.46687083745856,0.004476517541975055,5.798599861764844,0.005490938213155055
nonstat_regularized-QDCBO-native-seed2000,nonstat_regularized,QDCBO,native,2000,2.8037971096426517,54,10.935628890991211,0.013132748981640296,5.472068085336368,0.0031652932265101856,-8.46687083745856,0.004476517541975055,5.798599861764843,0.005490938213155054
stat-DCBO-native-seed2001,stat,DCBO,native,2001,-11.524089564498027,43,21.672846794128418,0.013097151752587903,-1.8537171688064022,0.0031655234704120153,-3.75656319798703,0.004465202122349311,-5.9138091977045955,0.005466426159826578
stat-DCBO-coarse-seed2001,stat,DCBO,coarse,2001,-11.41809399537756,54,11.340243816375732,0.013097151752587903,-1.8537171688064022,0.0031655234704120153,-3.703565413426797,0.004465202122349311,-5.860811413144362,0.005466426159826578
stat-QDCBO-native-seed2001,stat,QDCBO,native,2001,-12.321472794287237,54,11.408221960067749,0.013097151752587903,-2.1548434351096275,0.0031655234704120153,-4.004691679730022,0.004465202122349311,-6.161937679447588,0.005466426159826578
ind-DCBO-native-seed2001,ind,DCBO,native,2001,-7.22837573393869,37,17.54942536354065,0.013448902503051408,-0.8738731520127831,0.00324274329061509,-2.87975887060676,0.004519904288270822,-3.474743711319147,0.005686254924165497
ind-DCBO-coarse-seed2001,ind,DCBO,coarse,2001,-9.450368418894024,54,9.459736585617065,0.013097151752587903,-1.5175691942509921,0.0031655234704120153,-3.5234549128449695,0.004465202122349311,-4.409344311798063,0.005466426159826578
ind-QDCBO-native-seed2001,ind,QDCBO,native,2001,-9.450368418894024,54,10.584614992141724,0.013097151752587903,-1.5175691942509921,0.0031655234704120153,-3.5234549128449695,0.004465202122349311,-4.409344311798063,0.005466426159826578
nonstat_regularized-DCBO-native-seed2001,nonstat_regularized,DCBO,native,2001,1.5421192614534105,40,22.448418140411377,0.01741098438500012,4.2748112491149755,0.0049097880039344,-7.273959020709868,0.0058503038679934205,4.541267033048303,0.006650892513072299
nonstat_regularized-DCBO-coarse-seed2001,nonstat_regularized,DCBO,coarse,2001,2.7970333321631795,54,9.70724868774414,0.013132456802062173,5.46911925921868,0.0031655234704120153,-8.468267030813571,0.0044793983900997415,5.79618110375807,0.005487534941550416
nonstat_regularized-QDCBO-native-seed2001,nonstat_regularized,QDCBO,native,2001,2.7970333321631795,54,10.37043285369873,0.013132456802062173,5.46911925921868,0.0031655234704120153,-8.468267030813571,0.0044793983900997415,5.79618110375807,0.005487534941550416
stat-DCBO-native-seed2002,stat,DCBO,native,2002,-11.081975727645617,42,22.279187440872192,0.013121925732003659,-1.8465248946999362,0.0031668086351124905,-3.6941533820373174,0.0044716365277177195,-5.541297450908362,0.005483480569173448
stat-DCBO-coarse-seed2002,stat,DCBO,coarse,2002,-12.286480792858518,54,10.7610023021698,0.013121925732003659,-2.147651161003162,0.0031668086351124905,-3.995279648340543,0.0044716365277177195,-6.143549983514813,0.005483480569173448
stat-QDCBO-native-seed2002,stat,QDCBO,native,2002,-12.88873332546497,54,11.320667505264282,0.013121925732003659,-2.147651161003162,0.0031668086351124905,-4.296405914643769,0.0044716365277177195,-6.444676249818039,0.005483480569173449
ind-DCBO-native-seed2002,ind,DCBO,native,2002,-6.296791256263553,39,18.80406427383423,0.013932096354066269,-0.8360029237978998,0.0032298758934970703,-1.7288033948105128,0.004878756127522496,-3.7319849376551413,0.0058234643330467035
ind-DCBO-coarse-seed2002,ind,DCBO,coarse,2002,-8.07799175370269,54,9.042429685592651,0.013121925732003659,-2.002562368673518,0.0031668086351124905,-2.0361239210922717,0.0044716365277177195,-4.039305463936899,0.005483480569173449
ind-QDCBO-native-seed2002,ind,QDCBO,native,2002,-8.07799175370269,54,10.251045227050781,0.013121925732003659,-2.002562368673518,0.0031668086351124905,-2.0361239210922717,0.0044716365277177195,-4.039305463936899,0.005483480569173449
nonstat_regularized-DCBO-native-seed2002,nonstat_regularized,DCBO,native,2002,1.6219316088503613,40,22.728684902191162,0.017335681461976678,4.285041871362571,0.0048975848297864956,-7.2819698856744495,0.005817719617202849,4.61885962316224,0.006620377014987336
nonstat_regularized-DCBO-coarse-seed2002,nonstat_regularized,DCBO,coarse,2002,2.8132012708129377,54,10.094369888305664,0.013096432602936506,5.476311533325147,0.0031668086351124905,-8.473239547637025,0.00446157055555978,5.810129285124816,0.005468053412264235
nonstat_regularized-QDCBO-native-seed2002,nonstat_regularized,QDCBO,native,2002,2.8132012708129377,54,10.034872055053711,0.013096432602936506,5.476311533325147,0.0031668086351124905,-8.473239547637025,0.00446157055555978,5.810129285124816,0.005468053412264235
stat-DCBO-native-seed2003,stat,DCBO,native,2003,-12.411811580384501,41,21.064332962036133,0.013134921116379566,-1.9850643000127184,0.0031693165447422367,-4.136422641254356,0.004493006607046283,-6.290324639117427,0.005472597964591047
stat-DCBO-coarse-seed2003,stat,DCBO,coarse,2003,-11.115764159575793,54,11.145081758499146,0.013134921116379566,-1.8541747593797087,0.0031693165447422367,-3.7044068343181205,0.004493006607046283,-5.557182565877965,0.005472597964591046
stat-QDCBO-native-seed2003,stat,QDCBO,native,2003,-12.922521757395147,54,12.405527830123901,0.013134921116379566,-2.155301025682934,0.0031693165447422367,-4.306659366924571,0.004493006607046283,-6.460561364787642,0.005472597964591047
ind-DCBO-native-seed2003,ind,DCBO,native,2003,-9.917263901973204,38,16.64322257041931,0.013261937695175093,-2.0102122333532906,0.0031693165447422367,-3.524296333736293,0.004493006607046283,-4.382755334883621,0.005599614543386573
ind-DCBO-coarse-seed2003,ind,DCBO,coarse,2003,-12.051989003417289,54,8.76222848892212,0.013134921116379566,-2.0102122333532906,0.0031693165447422367,-4.016481782265284,0.004493006607046283,-6.025294987798714,0.005472597964591047
ind-QDCBO-native-seed2003,ind,QDCBO,native,2003,-12.051989003417289,54,10.460138082504272,0.013134921116379566,-2.0102122333532906,0.0031693165447422367,-4.016481782265284,0.004493006607046283,-6.025294987798714,0.005472597964591047
nonstat_regularized-DCBO-native-seed2003,nonstat_regularized,DCBO,native,2003,1.2955860762284361,38,23.724109411239624,0.017408519416389445,4.267358304459748,0.004913059736409583,-7.266889906372656,0.005837036233873145,4.295117678141344,0.006658423446106718
nonstat_regularized-DCBO-coarse-seed2003,nonstat_regularized,DCBO,coarse,2003,2.799919743444364,54,9.709325313568115,0.013128721239629795,5.468661668645374,0.0031693165447422367,-8.468193270558283,0.004466249980756846,5.799451345357273,0.005493154714130713
nonstat_regularized-QDCBO-native-seed2003,nonstat_regularized,QDCBO,native,2003,2.799919743444364,54,10.578147649765015,0.013128721239629795,5.468661668645374,0.0031693165447422367,-8.468193270558283,0.004466249980756846,5.799451345357273,0.005493154714130713
stat-DCBO-native-seed2004,stat,DCBO,native,2004,-12.891697466465697,40,21.671420574188232,0.013088065624108367,-2.1494758556767866,0.003152631555594897,-4.297910920807889,0.004466144943329254,-6.444310689981022,0.005469289125184216
stat-DCBO-coarse-seed2004,stat,DCBO,coarse,2004,-11.988318667556022,54,11.031070709228516,0.013088065624108369,-1.8483495893735613,0.003152631555594897,-3.9967846545046637,0.004466144943329255,-6.1431844236777975,0.005469289125184216
stat-QDCBO-native-seed2004,stat,QDCBO,native,2004,-12.891697466465697,54,13.54196810722351,0.013088065624108367,-2.1494758556767866,0.003152631555594897,-4.297910920807889,0.004466144943329254,-6.444310689981022,0.005469289125184216
ind-DCBO-native-seed2004,ind,DCBO,native,2004,-10.467972801340892,39,17.229947566986084,0.013088065624108369,-2.004387063347144,0.003152631555594897,-4.007733336148602,0.004466144943329255,-4.455852401845146,0.005469289125184216
ind-DCBO-coarse-seed2004,ind,DCBO,coarse,2004,-12.02116471248784,54,9.429996728897095,0.013088065624108369,-2.004387063347144,0.003152631555594897,-4.007733336148602,0.004466144943329255,-6.009044312992094,0.005469289125184216
ind-QDCBO-native-seed2004,ind,QDCBO,native,2004,-12.02116471248784,54,10.685964107513428,0.013088065624108369,-2.004387063347144,0.003152631555594897,-4.007733336148602,0.004466144943329255,-6.009044312992094,0.005469289125184216
nonstat_regularized-DCBO-native-seed2004,nonstat_regularized,DCBO,native,2004,1.6286261248174263,39,23.103469610214233,0.01730023388881876,4.2898658213284975,0.004884180682590693,-7.286474147130871,0.005811065920016903,4.6252344506198,0.006604987286211165
nonstat_regularized-DCBO-coarse-seed2004,nonstat_regularized,DCBO,coarse,2004,2.81324714214045,54,9.92107105255127,0.013075131863175667,5.47448683865152,0.0031526315555948964,-8.471095164453894,0.004463493205395433,5.809855467942824,0.005459007102185336
nonstat_regularized-QDCBO-native-seed2004,nonstat_regularized,QDCBO,native,2004,2.81324714214045,54,10.212300062179565,0.013075131863175667,5.47448683865152,0.0031526315555948964,-8.471095164453894,0.004463493205395433,5.809855467942824,0.005459007102185336
stat-DCBO-native-seed2005,stat,DCBO,native,2005,-12.612793651660251,39,20.011276245117188,0.013123773920583903,-2.1513935016279064,0.0031636481760478475,-4.303965285330492,0.00447546977434408,-6.157434864701853,0.005484655970191974
stat-DCBO-coarse-seed2005,stat,DCBO,coarse,2005,-11.107162320144123,54,10.004274845123291,0.013123773920583903,-1.8502672353246807,0.0031636481760478475,-3.7017127527240423,0.0044754697743440795,-5.555182332095401,0.005484655970191974
stat-QDCBO-native-seed2005,stat,QDCBO,native,2005,-12.612793651660251,54,11.058789491653442,0.013123773920583903,-2.1513935016279064,0.0031636481760478475,-4.303965285330492,0.00447546977434408,-6.157434864701853,0.005484655970191974
ind-DCBO-native-seed2005,ind,DCBO,native,2005,-11.335399547636655,40,17.92415428161621,0.013123773920583903,-2.006304709298263,0.0031636481760478475,-4.013787700671207,0.00447546977434408,-5.315307137667184,0.005484655970191974
ind-DCBO-coarse-seed2005,ind,DCBO,coarse,2005,-12.043387163985617,54,9.260127067565918,0.013123773920583903,-2.006304709298263,0.0031636481760478475,-4.013787700671207,0.00447546977434408,-6.023294754016148,0.005484655970191974
ind-QDCBO-native-seed2005,ind,QDCBO,native,2005,-12.043387163985617,54,10.482592821121216,0.013123773920583903,-2.006304709298263,0.0031636481760478475,-4.013787700671207,0.00447546977434408,-6.023294754016148,0.005484655970191974
nonstat_regularized-DCBO-native-seed2005,nonstat_regularized,DCBO,native,2005,1.6089781366343896,39,22.495744943618774,0.017341434697219195,4.278413909646912,0.00488408357241617,-7.2791589540207715,0.0058231794027637064,4.609723181008249,0.006634171722039319
nonstat_regularized-DCBO-coarse-seed2005,nonstat_regularized,DCBO,coarse,2005,2.803133419687879,54,10.38596224784851,0.013140923471059282,5.472569192700402,0.0031636481760478475,-8.473314237074261,0.004478422224674656,5.803878464061738,0.0054988530703367795
nonstat_regularized-QDCBO-native-seed2005,nonstat_regularized,QDCBO,native,2005,4.803133419687879,54,10.13466477394104,0.013140923471059282,5.472569192700402,0.0031636481760478475,-6.473314237074261,0.004478422224674656,5.803878464061738,0.0054988530703367795
stat-DCBO-native-seed2006,stat,DCBO,native,2006,-12.619054179070263,44,21.256694793701172,0.013144878856790604,-2.1563152966168055,0.003168754117330259,-4.306642747059091,0.004479129346400151,-6.156096135394366,0.005496995393060195
stat-DCBO-coarse-seed2006,stat,DCBO,coarse,2006,-12.92018044537349,54,11.72678279876709,0.013144878856790604,-2.1563152966168055,0.003168754117330259,-4.306642747059091,0.004479129346400151,-6.457222401697591,0.005496995393060195
stat-QDCBO-native-seed2006,stat,QDCBO,native,2006,-12.619054179070263,54,13.11009168624878,0.013144878856790604,-2.1563152966168055,0.003168754117330259,-4.306642747059091,0.004479129346400151,-6.156096135394366,0.005496995393060195
ind-DCBO-native-seed2006,ind,DCBO,native,2006,-10.141969481686482,37,16.358545064926147,0.013144878856790604,-2.011226504287163,0.003168754117330259,-3.06262605754523,0.004479129346400151,-5.06811691985409,0.005496995393060195
ind-DCBO-coarse-seed2006,ind,DCBO,coarse,2006,-12.049647691395629,54,8.99629807472229,0.013144878856790604,-2.011226504287163,0.003168754117330259,-4.016465162399802,0.004479129346400151,-6.021956024708664,0.005496995393060195
ind-QDCBO-native-seed2006,ind,QDCBO,native,2006,-12.049647691395629,54,10.55032205581665,0.013144878856790604,-2.011226504287163,0.003168754117330259,-4.016465162399802,0.004479129346400151,-6.021956024708664,0.005496995393060195
nonstat_regularized-DCBO-native-seed2006,nonstat_regularized,DCBO,native,2006,1.4894559337112225,40,24.216750621795654,0.017353824323808036,4.276087636899784,0.004892415590908186,-7.274588348013339,0.005830971984607335,4.487956644824777,0.006630436748292514
nonstat_regularized-DCBO-coarse-seed2006,nonstat_regularized,DCBO,coarse,2006,2.802227815735063,54,9.844480991363525,0.01312456129069443,5.467647397711503,0.003168754117330259,-8.466148108825058,0.004475392039876304,5.8007285268486175,0.005480415133487866
nonstat_regularized-QDCBO-native-seed2006,nonstat_regularized,QDCBO,native,2006,2.802227815735063,54,10.657415628433228,0.01312456129069443,5.467647397711503,0.003168754117330259,-8.466148108825058,0.004475392039876304,5.8007285268486175,0.005480415133487866
stat-DCBO-native-seed2007,stat,DCBO,native,2007,-12.908293989881209,38,21.638941526412964,0.013084276372869161,-2.1527273048649054,0.0031531033387648937,-4.303673925826929,0.004469488278595005,-6.451892759189375,0.005461684755509262
stat-DCBO-coarse-seed2007,stat,DCBO,coarse,2007,-12.908293989881209,54,10.161482810974121,0.013084276372869161,-2.1527273048649054,0.0031531033387648937,-4.303673925826929,0.004469488278595005,-6.451892759189375,0.005461684755509262
stat-QDCBO-native-seed2007,stat,QDCBO,native,2007,-12.908293989881209,54,12.331190586090088,0.013084276372869161,-2.1527273048649054,0.0031531033387648937,-4.303673925826929,0.004469488278595005,-6.451892759189375,0.005461684755509262
ind-DCBO-native-seed2007,ind,DCBO,native,2007,-9.475961784988915,40,16.937747716903687,0.013084276372869161,-2.0076385125352627,0.0031531033387648937,-3.305508724818679,0.004469488278595005,-4.162814547634972,0.005461684755509262
ind-DCBO-coarse-seed2007,ind,DCBO,coarse,2007,-12.03776123590335,54,9.344346761703491,0.013084276372869161,-2.0076385125352627,0.0031531033387648937,-4.013496341167642,0.004469488278595005,-6.016626382200447,0.005461684755509262
ind-QDCBO-native-seed2007,ind,QDCBO,native,2007,-12.03776123590335,54,9.166816234588623,0.013084276372869161,-2.0076385125352627,0.0031531033387648937,-4.013496341167642,0.004469488278595005,-6.016626382200447,0.005461684755509262
nonstat_regularized-DCBO-native-seed2007,nonstat_regularized,DCBO,native,2007,1.6140700260907872,38,21.2161386013031,0.01732896094187237,4.277128786791171,0.004894107802448565,-7.276248668424466,0.005817220223731754,4.613189907724082,0.006617632915692048
nonstat_regularized-DCBO-coarse-seed2007,nonstat_regularized,DCBO,coarse,2007,2.808176628763018,54,9.54941987991333,0.013083382057004728,5.471235389463403,0.0031531033387648937,-8.470355271096697,0.004460587701632104,5.807296510396312,0.005469691016607731
nonstat_regularized-QDCBO-native-seed2007,nonstat_regularized,QDCBO,native,2007,2.808176628763018,54,10.41641640663147,0.013083382057004728,5.471235389463403,0.0031531033387648937,-8.470355271096697,0.004460587701632104,5.807296510396312,0.005469691016607731
stat-DCBO-native-seed2008,stat,DCBO,native,2008,-11.989891672449549,41,18.50062608718872,0.013092619597380247,-1.848917651176652,0.0031491368927683517,-3.9948464062036626,0.0044668927953971016,-6.146127615069234,0.005476589909214794
stat-DCBO-coarse-seed2008,stat,DCBO,coarse,2008,-11.989891672449549,54,10.513161420822144,0.013092619597380247,-1.848917651176652,0.0031491368927683517,-3.9948464062036626,0.0044668927953971016,-6.146127615069234,0.005476589909214794
stat-QDCBO-native-seed2008,stat,QDCBO,native,2008,-12.893270471359223,54,10.456754922866821,0.013092619597380247,-2.1500439174798776,0.0031491368927683517,-4.295972672506888,0.0044668927953971016,-6.447253881372458,0.005476589909214794
ind-DCBO-native-seed2008,ind,DCBO,native,2008,-10.660326261380243,39,16.907036066055298,0.013169061586738567,-2.004955125150234,0.0031491368927683517,-4.005795087847602,0.0044668927953971016,-4.649576048382407,0.0055530318985731126
ind-DCBO-coarse-seed2008,ind,DCBO,coarse,2008,-10.896469908946537,54,9.105515480041504,0.013092619597380247,-2.004955125150234,0.0031491368927683517,-4.005795087847602,0.0044668927953971016,-4.885719695948701,0.005476589909214794
ind-QDCBO-native-seed2008,ind,QDCBO,native,2008,-10.896469908946537,54,10.627455949783325,0.013092619597380247,-2.004955125150234,0.0031491368927683517,-4.005795087847602,0.0044668927953971016,-4.885719695948701,0.005476589909214794
nonstat_regularized-DCBO-native-seed2008,nonstat_regularized,DCBO,native,2008,1.433144272772621,41,23.794068813323975,0.017364204796863528,4.28108359079431,0.0048888332751329,-7.275185606492593,0.005837169668570258,4.427246288470903,0.006638201853160367
nonstat_regularized-DCBO-coarse-seed2008,nonstat_regularized,DCBO,coarse,2008,2.80779764064492,54,9.969655990600586,0.01308761803560169,5.47391877684843,0.0031491368927683517,-8.468020792546715,0.004475019052448478,5.801899656343205,0.00546346209038486
nonstat_regularized-QDCBO-native-seed2008,nonstat_regularized,QDCBO,native,2008,2.80779764064492,54,10.178255558013916,0.01308761803560169,5.47391877684843,0.0031491368927683517,-8.468020792546715,0.004475019052448478,5.801899656343205,0.00546346209038486
stat-DCBO-native-seed2009,stat,DCBO,native,2009,-12.319014473634233,41,20.416793823242188,0.013135670434974968,-2.0500169849764562,0.003168389729578702,-4.207300113852178,0.004479082379881296,-6.061697374805598,0.005488198325514969
stat-DCBO-coarse-seed2009,stat,DCBO,coarse,2009,-11.729707036655121,54,10.530228614807129,0.013135670434974968,-1.8535811726500862,0.003168389729578702,-4.010864301525808,0.004479082379881296,-5.865261562479228,0.005488198325514969
stat-QDCBO-native-seed2009,stat,QDCBO,native,2009,-12.331959569261572,54,10.82853364944458,0.013135670434974968,-2.154707438953311,0.003168389729578702,-4.010864301525808,0.004479082379881296,-6.166387828782454,0.005488198325514969
ind-DCBO-native-seed2009,ind,DCBO,native,2009,-9.464610375666105,38,18.048616409301758,0.013135670434974968,-2.0096186466236685,0.003168389729578702,-3.298574615791916,0.004479082379881296,-4.156417113250519,0.005488198325514969
ind-DCBO-coarse-seed2009,ind,DCBO,coarse,2009,-12.063679347890163,54,9.496355295181274,0.013135670434974968,-2.0096186466236685,0.003168389729578702,-4.021812983169747,0.004479082379881296,-6.032247718096748,0.005488198325514969
ind-QDCBO-native-seed2009,ind,QDCBO,native,2009,-12.063679347890163,54,10.539342641830444,0.013135670434974968,-2.0096186466236685,0.003168389729578702,-4.021812983169747,0.004479082379881296,-6.032247718096748,0.005488198325514969
nonstat_regularized-DCBO-native-seed2009,nonstat_regularized,DCBO,native,2009,1.845742876555005,36,23.912832021713257,0.017312772211559788,4.273682088725347,0.004888577180810869,-7.27913847827234,0.005807540887199258,4.851199266101998,0.006616654143549663
nonstat_regularized-DCBO-coarse-seed2009,nonstat_regularized,DCBO,coarse,2009,8.132225134113746,54,9.961582660675049,0.013098915142427895,5.469255255374995,0.003168389729578702,-6.641378311588655,0.004465105925212551,9.304348190327405,0.005465419487636642
nonstat_regularized-QDCBO-native-seed2009,nonstat_regularized,QDCBO,native,2009,2.798891800780411,54,10.818295001983643,0.013098915142427895,5.469255255374995,0.003168389729578702,-8.474711644921989,0.004465105925212551,5.804348190327405,0.005465419487636641
stat-DCBO-native-seed2010,stat,DCBO,native,2010,-11.406712907076498,42,18.418120861053467,0.013105355519624152,-1.850063343266568,0.0031645353529350414,-3.7015808970637862,0.004466699920037891,-5.855068666746144,0.00547412024665122
stat-DCBO-coarse-seed2010,stat,DCBO,coarse,2010,-11.406712907076498,54,9.83814287185669,0.013105355519624152,-1.850063343266568,0.0031645353529350414,-3.7015808970637862,0.004466699920037891,-5.855068666746144,0.00547412024665122
stat-QDCBO-native-seed2010,stat,QDCBO,native,2010,-12.912344238592624,54,10.876781463623047,0.013105355519624154,-2.151189609569793,0.0031645353529350414,-4.303833429670236,0.004466699920037891,-6.457321199352596,0.005474120246651221
ind-DCBO-native-seed2010,ind,DCBO,native,2010,-11.333823868265803,40,16.9033944606781,0.013105355519624154,-2.006100817240151,0.0031645353529350414,-4.013655845010949,0.004466699920037891,-5.314067206014702,0.005474120246651221
ind-DCBO-coarse-seed2010,ind,DCBO,coarse,2010,-12.041811484614765,54,9.25487494468689,0.013105355519624152,-2.006100817240151,0.0031645353529350414,-4.013655845010949,0.004466699920037891,-6.022054822363665,0.00547412024665122
ind-QDCBO-native-seed2010,ind,QDCBO,native,2010,-12.041811484614765,54,10.829692125320435,0.013105355519624152,-2.006100817240151,0.0031645353529350414,-4.013655845010949,0.004466699920037891,-6.022054822363665,0.00547412024665122
nonstat_regularized-DCBO-native-seed2010,nonstat_regularized,DCBO,native,2010,1.614208462209958,40,23.07295846939087,0.017378287774780225,4.282536159230253,0.0049044327361836785,-7.283353240001968,0.005828750210226461,4.615025542981672,0.006645104828370086
nonstat_regularized-DCBO-coarse-seed2010,nonstat_regularized,DCBO,coarse,2010,2.8044453877382187,54,10.17532992362976,0.013109725877383547,5.472773084758514,0.0031645353529350414,-8.473590165530227,0.004463725024583886,5.805262468509932,0.005481465499864619
nonstat_regularized-QDCBO-native-seed2010,nonstat_regularized,QDCBO,native,2010,2.8044453877382187,54,9.953851222991943,0.013109725877383547,5.472773084758514,0.0031645353529350414,-8.473590165530227,0.004463725024583886,5.805262468509932,0.005481465499864619
stat-DCBO-native-seed2011,stat,DCBO,native,2011,-12.152753781921486,41,20.790878534317017,0.013143097391530328,-2.098608521681736,0.0031623936320731294,-3.9530355216343205,0.004478427332411505,-6.10110973860543,0.005502276427045695
stat-DCBO-coarse-seed2011,stat,DCBO,coarse,2011,-12.309803175188739,54,10.656821727752686,0.013143097391530328,-2.1509583194374877,0.0031623936320731294,-4.00538531939007,0.004478427332411505,-6.153459536361181,0.005502276427045695
stat-QDCBO-native-seed2011,stat,QDCBO,native,2011,-12.91205570779519,54,12.479347705841064,0.013143097391530328,-2.1509583194374877,0.0031623936320731294,-4.306511585693297,0.004478427332411505,-6.454585802664407,0.005502276427045695
ind-DCBO-native-seed2011,ind,DCBO,native,2011,-9.434941165040026,38,17.76152729988098,0.013143097391530328,-2.0058695271078446,0.0031623936320731294,-2.9591358309098537,0.004478427332411505,-4.469935807022328,0.005502276427045695
ind-DCBO-coarse-seed2011,ind,DCBO,coarse,2011,-10.895698735600824,54,9.25838017463684,0.013143097391530328,-2.0058695271078446,0.0031623936320731294,-4.016334001034011,0.004478427332411505,-4.873495207458968,0.005502276427045695
ind-QDCBO-native-seed2011,ind,QDCBO,native,2011,-10.895698735600824,54,10.268880128860474,0.013143097391530328,-2.0058695271078446,0.0031623936320731294,-4.016334001034011,0.004478427332411505,-4.873495207458968,0.005502276427045695
nonstat_regularized-DCBO-native-seed2011,nonstat_regularized,DCBO,native,2011,4.5266627503150145,35,23.91179871559143,0.017339303887311405,4.280485985533154,0.004895424125287149,-4.418884550135224,0.005830297727647725,4.665061314917084,0.006613582034376532
nonstat_regularized-DCBO-coarse-seed2011,nonstat_regularized,DCBO,coarse,2011,8.143423563915105,54,9.828506469726562,0.013102251817909066,5.47300437489082,0.0031623936320731294,-6.643397568484568,0.004477750211743186,9.313816757508853,0.00546210797409275
nonstat_regularized-QDCBO-native-seed2011,nonstat_regularized,QDCBO,native,2011,4.810090230581771,54,10.469068765640259,0.013102251817909066,5.47300437489082,0.0031623936320731294,-6.476730901817902,0.004477750211743186,5.813816757508853,0.00546210797409275
stat-DCBO-native-seed2012,stat,DCBO,native,2012,-12.01594772914012,40,20.12932062149048,0.013155245583825958,-1.848306560418837,0.00317896612426656,-4.007061952305559,0.004491342207086821,-6.160579216415724,0.005484937252472576
stat-DCBO-coarse-seed2012,stat,DCBO,coarse,2012,-12.01594772914012,54,10.391080617904663,0.013155245583825958,-1.848306560418837,0.00317896612426656,-4.007061952305559,0.004491342207086821,-6.160579216415724,0.005484937252472576
stat-QDCBO-native-seed2012,stat,QDCBO,native,2012,-12.618200261746571,54,10.786401271820068,0.013155245583825958,-2.1494328267220624,0.00317896612426656,-4.308188218608785,0.004491342207086821,-6.160579216415724,0.005484937252472576
ind-DCBO-native-seed2012,ind,DCBO,native,2012,-9.125760693729301,40,17.82580804824829,0.013155245583825958,-1.5121585858634272,0.00317896612426656,-2.8025868180426765,0.004491342207086821,-4.811015289823198,0.005484937252472576
ind-DCBO-coarse-seed2012,ind,DCBO,coarse,2012,-12.048793774071937,54,9.31323528289795,0.013155245583825958,-2.0043440343924193,0.00317896612426656,-4.0180106339494985,0.004491342207086821,-6.026439105730019,0.005484937252472576
ind-QDCBO-native-seed2012,ind,QDCBO,native,2012,-12.048793774071937,54,10.623351573944092,0.013155245583825958,-2.0043440343924193,0.00317896612426656,-4.0180106339494985,0.004491342207086821,-6.026439105730019,0.005484937252472576
nonstat_regularized-DCBO-native-seed2012,nonstat_regularized,DCBO,native,2012,7.064637218858937,40,22.545191764831543,0.017394840710681512,4.278448955761583,0.004911411737530279,-4.634695847717641,0.005839680821030029,7.4208841108149945,0.006643748152121202
nonstat_regularized-DCBO-coarse-seed2012,nonstat_regularized,DCBO,coarse,2012,7.472839342824808,54,10.433055877685547,0.013142478896182697,5.474529867606246,0.00317896612426656,-6.314791853497574,0.004476790588453951,8.313101328716137,0.005486722183462186
nonstat_regularized-QDCBO-native-seed2012,nonstat_regularized,QDCBO,native,2012,8.139506009491477,54,11.18297529220581,0.013142478896182697,5.474529867606246,0.00317896612426656,-6.648125186830906,0.004476790588453951,9.313101328716137,0.005486722183462187
stat-DCBO-native-seed2013,stat,DCBO,native,2013,-12.037111561154912,40,22.67409658432007,0.013081790062847865,-1.8570493680496702,0.0031561646206375404,-4.013839201514836,0.004457874670367918,-6.166222991590406,0.005467750771842407
stat-DCBO-coarse-seed2013,stat,DCBO,coarse,2013,-12.037111561154912,54,10.716704607009888,0.013081790062847865,-1.8570493680496702,0.0031561646206375404,-4.013839201514836,0.004457874670367918,-6.166222991590406,0.005467750771842407
stat-QDCBO-native-seed2013,stat,QDCBO,native,2013,-12.94049036006459,54,12.193036556243896,0.013081790062847865,-2.158175634352896,0.0031561646206375404,-4.3149654678180625,0.004457874670367918,-6.467349257893631,0.005467750771842407
ind-DCBO-native-seed2013,ind,DCBO,native,2013,-7.5650915066596625,36,18.787639141082764,0.013436585451401447,-1.5209013934942603,0.0031561646206375404,-2.3800667413986525,0.004652472815016985,-3.66412337176675,0.005627948015746922
ind-DCBO-coarse-seed2013,ind,DCBO,coarse,2013,-8.3408656436301,54,9.760973453521729,0.013081790062847865,-1.5209013934942603,0.0031561646206375404,-2.4063346261949556,0.004457874670367918,-4.413629623940882,0.005467750771842407
ind-QDCBO-native-seed2013,ind,QDCBO,native,2013,-8.3408656436301,54,11.015299320220947,0.013081790062847865,-1.5209013934942603,0.0031561646206375404,-2.4063346261949556,0.004457874670367918,-4.413629623940882,0.005467750771842407
nonstat_regularized-DCBO-native-seed2013,nonstat_regularized,DCBO,native,2013,1.6092308140555005,37,24.036709308624268,0.01733201860026697,4.276454531469009,0.0048837712437598485,-7.281417625605445,0.005832881332080497,4.614193908191937,0.006615366024426624
nonstat_regularized-DCBO-coarse-seed2013,nonstat_regularized,DCBO,coarse,2013,8.13189667589524,54,9.799180269241333,0.013112747468605666,5.465787059975412,0.0031561646206375404,-6.637416820778515,0.004479757231328374,9.303526436698343,0.005476825616639752
nonstat_regularized-QDCBO-native-seed2013,nonstat_regularized,QDCBO,native,2013,8.13189667589524,54,10.271931409835815,0.013112747468605666,5.465787059975412,0.0031561646206375404,-6.637416820778515,0.004479757231328374,9.303526436698343,0.005476825616639752
stat-DCBO-native-seed2014,stat,DCBO,native,2014,-12.612804982158153,42,21.021586179733276,0.013121413546222645,-2.152291955828552,0.003160715189764739,-4.304927244705235,0.004476407329335852,-6.155585781624365,0.005484291027122054
stat-DCBO-coarse-seed2014,stat,DCBO,coarse,2014,-11.107173650642025,54,10.726968765258789,0.013121413546222644,-1.8511656895253266,0.003160715189764739,-3.702674712098784,0.004476407329335852,-5.553333249017914,0.005484291027122053
stat-QDCBO-native-seed2014,stat,QDCBO,native,2014,-12.913931248461378,54,11.889769554138184,0.013121413546222645,-2.152291955828552,0.003160715189764739,-4.304927244705235,0.004476407329335852,-6.456712047927591,0.005484291027122054
ind-DCBO-native-seed2014,ind,DCBO,native,2014,-8.5034604127387,39,16.793121337890625,0.013121413546222645,-1.2992155471499454,0.003160715189764739,-2.5987744273480224,0.004476407329335852,-4.605470438240734,0.005484291027122054
ind-DCBO-coarse-seed2014,ind,DCBO,coarse,2014,-9.919435645436629,54,8.650141716003418,0.013121413546222645,-1.2992155471499454,0.003160715189764739,-3.3067620436969847,0.004476407329335852,-5.313458054589698,0.005484291027122054
ind-QDCBO-native-seed2014,ind,QDCBO,native,2014,-9.919435645436629,54,9.72409725189209,0.013121413546222645,-1.2992155471499454,0.003160715189764739,-3.3067620436969847,0.004476407329335852,-5.313458054589698,0.005484291027122054
nonstat_regularized-DCBO-native-seed2014,nonstat_regularized,DCBO,native,2014,6.9453216546952765,40,24.096189260482788,0.017321513954684706,4.278613051922237,0.004891421222127766,-5.446088268136861,0.005812844544355253,8.1127968709099,0.006617248188201689
nonstat_regularized-DCBO-coarse-seed2014,nonstat_regularized,DCBO,coarse,2014,2.805046007939466,54,10.289996147155762,0.013088592630001554,5.471670738499757,0.003160715189764739,-8.47247928804771,0.004462003603114185,5.805854557487419,0.00546587383712263
nonstat_regularized-QDCBO-native-seed2014,nonstat_regularized,QDCBO,native,2014,2.805046007939466,54,10.30076003074646,0.013088592630001554,5.471670738499757,0.003160715189764739,-8.47247928804771,0.004462003603114185,5.805854557487419,0.00546587383712263
stat-DCBO-native-seed2015,stat,DCBO,native,2015,-11.706670024038399,40,20.204006671905518,0.013155427692016679,-1.8514832295510764,0.0031702038486318496,-4.004065054779972,0.004487825481484119,-5.85112173970735,0.0054973983619007105
stat-DCBO-coarse-seed2015,stat,DCBO,coarse,2015,-11.706670024038399,54,8.88638162612915,0.013155427692016679,-1.8514832295510764,0.0031702038486318496,-4.004065054779972,0.004487825481484119,-5.85112173970735,0.0054973983619007105
stat-QDCBO-native-seed2015,stat,QDCBO,native,2015,-12.610048822948073,54,12.022974491119385,0.013155427692016679,-2.1526094958543016,0.0031702038486318496,-4.305191321083198,0.004487825481484119,-6.152248006010574,0.0054973983619007105
ind-DCBO-native-seed2015,ind,DCBO,native,2015,-12.040642335273443,39,16.65761113166809,0.013155427692016679,-2.007520703524659,0.0031702038486318496,-4.015013736423912,0.004487825481484119,-6.018107895324872,0.0054973983619007105
ind-DCBO-coarse-seed2015,ind,DCBO,coarse,2015,-12.040642335273443,54,7.805020332336426,0.013155427692016679,-2.007520703524659,0.0031702038486318496,-4.015013736423912,0.004487825481484119,-6.018107895324872,0.0054973983619007105
ind-QDCBO-native-seed2015,ind,QDCBO,native,2015,-12.040642335273443,54,10.282757997512817,0.013155427692016679,-2.007520703524659,0.0031702038486318496,-4.015013736423912,0.004487825481484119,-6.018107895324872,0.0054973983619007105
nonstat_regularized-DCBO-native-seed2015,nonstat_regularized,DCBO,native,2015,1.6136765009122822,39,21.90934443473816,0.0173574877875938,4.276699379480823,0.004896587022286774,-7.277454465380991,0.005827757236664047,4.614431586812451,0.006633143528642978
nonstat_regularized-DCBO-coarse-seed2015,nonstat_regularized,DCBO,coarse,2015,4.8083303199054654,54,9.655041933059692,0.013138219785938078,5.471353198474007,0.0031702038486318496,-6.472108284374175,0.0044750920296912095,5.809085405805634,0.00549292390761502
nonstat_regularized-QDCBO-native-seed2015,nonstat_regularized,QDCBO,native,2015,8.141663653238803,54,10.43537974357605,0.013138219785938078,5.471353198474007,0.0031702038486318496,-6.638774951040838,0.0044750920296912095,9.309085405805634,0.00549292390761502
stat-DCBO-native-seed2016,stat,DCBO,native,2016,-11.375871905819842,41,20.503740072250366,0.01309795739334595,-1.8470011244304516,0.0031650928161067707,-3.690345472026957,0.004467327420666741,-5.838525309362435,0.005465537156572439
stat-DCBO-coarse-seed2016,stat,DCBO,coarse,2016,-11.375871905819842,54,10.170912504196167,0.01309795739334595,-1.8470011244304516,0.0031650928161067707,-3.690345472026957,0.004467327420666741,-5.838525309362435,0.005465537156572439
stat-QDCBO-native-seed2016,stat,QDCBO,native,2016,-12.88150323733597,54,12.276371479034424,0.01309795739334595,-2.148127390733678,0.0031650928161067707,-4.292598004633407,0.004467327420666741,-6.4407778419688855,0.005465537156572439
ind-DCBO-native-seed2016,ind,DCBO,native,2016,-8.399803579721535,37,16.75151014328003,0.013155752498697076,-2.0030385984040344,0.0031650928161067707,-2.7445429492763864,0.004467327420666741,-3.6522220320411147,0.005523332261923564
ind-DCBO-coarse-seed2016,ind,DCBO,coarse,2016,-12.010970483358108,54,9.267720460891724,0.01309795739334595,-2.0030385984040344,0.0031650928161067707,-4.00242041997412,0.004467327420666741,-6.005511464979954,0.005465537156572439
ind-QDCBO-native-seed2016,ind,QDCBO,native,2016,-12.010970483358108,54,10.527960538864136,0.01309795739334595,-2.0030385984040344,0.0031650928161067707,-4.00242041997412,0.004467327420666741,-6.005511464979954,0.005465537156572439
nonstat_regularized-DCBO-native-seed2016,nonstat_regularized,DCBO,native,2016,3.377274844847995,40,20.88338351249695,0.017415270021623262,4.2827188519456545,0.004908367931265724,-5.275362726516655,0.005844630074942774,4.369918719418996,0.0066622720154147635
nonstat_regularized-DCBO-coarse-seed2016,nonstat_regularized,DCBO,coarse,2016,4.812815538921217,54,9.167571783065796,0.013155876956453587,5.47583530359463,0.0031650928161067707,-6.46847917816563,0.004486795635888937,5.805459413492216,0.005503988504457879
nonstat_regularized-QDCBO-native-seed2016,nonstat_regularized,QDCBO,native,2016,2.8128155389212157,54,9.855931282043457,0.013155876956453585,5.47583530359463,0.0031650928161067707,-8.46847917816563,0.004486795635888937,5.8054594134922155,0.005503988504457878
stat-DCBO-native-seed2017,stat,DCBO,native,2017,-11.394250083892516,41,20.80839490890503,0.013091080762858396,-1.8474303278216444,0.0031575580222602544,-3.6972996499703634,0.004465369341052339,-5.849520106100508,0.005468153399545802
stat-DCBO-coarse-seed2017,stat,DCBO,coarse,2017,-11.093123817589289,54,9.737266540527344,0.013091080762858396,-1.8474303278216444,0.0031575580222602544,-3.6972996499703634,0.004465369341052339,-5.548393839797281,0.005468153399545802
stat-QDCBO-native-seed2017,stat,QDCBO,native,2017,-12.899881415408643,54,13.53364610671997,0.013091080762858396,-2.14855659412487,0.0031575580222602544,-4.2995521825768135,0.004465369341052339,-6.4517726387069585,0.005468153399545802
ind-DCBO-native-seed2017,ind,DCBO,native,2017,-8.802514124068143,38,17.325663566589355,0.013366851686710621,-2.0034678017952268,0.0031575580222602544,-2.8635503797010182,0.004465369341052339,-3.935495942571898,0.005743924323398027
ind-DCBO-coarse-seed2017,ind,DCBO,coarse,2017,-9.776813044561127,54,8.065368890762329,0.013091080762858396,-2.0034678017952268,0.0031575580222602544,-2.8831067894827,0.004465369341052339,-4.8902384532831995,0.005468153399545802
ind-QDCBO-native-seed2017,ind,QDCBO,native,2017,-9.776813044561127,54,10.258402347564697,0.013091080762858396,-2.0034678017952268,0.0031575580222602544,-2.8831067894827,0.004465369341052339,-4.8902384532831995,0.005468153399545802
nonstat_regularized-DCBO-native-seed2017,nonstat_regularized,DCBO,native,2017,1.3768314029223312,40,23.806017875671387,0.017363059074320092,4.286316028814655,0.004893448486266619,-7.285484877937869,0.005836296290320567,4.376000252045546,0.006633314297732905
nonstat_regularized-DCBO-coarse-seed2017,nonstat_regularized,DCBO,coarse,2017,2.8083457167353565,54,10.084827661514282,0.013117120607184764,5.475406100203438,0.0031575580222602544,-8.474574949326653,0.004478150645719545,5.807514565858572,0.005481411939204965
nonstat_regularized-QDCBO-native-seed2017,nonstat_regularized,QDCBO,native,2017,2.8083457167353565,54,9.335217475891113,0.013117120607184764,5.475406100203438,0.0031575580222602544,-8.474574949326653,0.004478150645719545,5.807514565858572,0.005481411939204965
stat-DCBO-native-seed2018,stat,DCBO,native,2018,-11.406045004401022,40,19.948190212249756,0.013103015387561274,-1.8501415066473708,0.003151886457207854,-3.701297889607609,0.004465046130652005,-5.854605608146041,0.005486082799701415
stat-DCBO-coarse-seed2018,stat,DCBO,coarse,2018,-11.104918738097798,54,9.913284301757812,0.013103015387561274,-1.8501415066473708,0.003151886457207854,-3.701297889607609,0.004465046130652005,-5.553479341842817,0.005486082799701415
stat-QDCBO-native-seed2018,stat,QDCBO,native,2018,-12.008297537007472,54,9.314964532852173,0.013103015387561274,-2.1512677729505967,0.003151886457207854,-4.002424155910833,0.004465046130652005,-5.854605608146041,0.005486082799701415
ind-DCBO-native-seed2018,ind,DCBO,native,2018,-11.548958133410299,40,17.26028537750244,0.013103015387561274,-2.006178980620953,0.003151886457207854,-4.0133728375547735,0.004465046130652005,-5.529406315234572,0.005486082799701415
ind-DCBO-coarse-seed2018,ind,DCBO,coarse,2018,-12.041143581939288,54,9.426023006439209,0.013103015387561274,-2.006178980620953,0.003151886457207854,-4.0133728375547735,0.004465046130652005,-6.0215917637635625,0.005486082799701415
ind-QDCBO-native-seed2018,ind,QDCBO,native,2018,-12.041143581939288,54,10.914851665496826,0.013103015387561274,-2.006178980620953,0.003151886457207854,-4.0133728375547735,0.004465046130652005,-6.0215917637635625,0.005486082799701415
nonstat_regularized-DCBO-native-seed2018,nonstat_regularized,DCBO,native,2018,1.3120450748746224,41,19.840027332305908,0.01738756935280388,4.283223023781297,0.004898782288311719,-7.283678933716033,0.005845202259649758,4.312500984809358,0.006643584804842403
nonstat_regularized-DCBO-coarse-seed2018,nonstat_regularized,DCBO,coarse,2018,2.8045472755013385,54,10.260326862335205,0.013103322512463392,5.472694921377711,0.003151886457207854,-8.473150831312447,0.004470424755978902,5.805003185436075,0.0054810112992766365
nonstat_regularized-QDCBO-native-seed2018,nonstat_regularized,QDCBO,native,2018,2.8045472755013385,54,10.137738227844238,0.013103322512463392,5.472694921377711,0.003151886457207854,-8.473150831312447,0.004470424755978902,5.805003185436075,0.0054810112992766365
stat-DCBO-native-seed2019,stat,DCBO,native,2019,-11.400160680818143,40,18.722710371017456,0.013092820306984897,-1.8527827352487165,0.003156185068132924,-3.6989112235709105,0.004462544817788326,-5.848466721998517,0.0054740904210636475
stat-DCBO-coarse-seed2019,stat,DCBO,coarse,2019,-11.400160680818143,54,10.133371114730835,0.013092820306984897,-1.8527827352487165,0.003156185068132924,-3.6989112235709105,0.004462544817788326,-5.848466721998517,0.0054740904210636475
stat-QDCBO-native-seed2019,stat,QDCBO,native,2019,-12.90579201233427,54,12.452297449111938,0.013092820306984897,-2.1539090015519418,0.003156185068132924,-4.3011637561773615,0.004462544817788326,-6.450719254604967,0.0054740904210636475
ind-DCBO-native-seed2019,ind,DCBO,native,2019,-10.066517464240443,40,18.428624391555786,0.013092820306984897,-1.5166347606933064,0.003156185068132924,-3.518800722989082,0.004462544817788326,-5.031081980558055,0.0054740904210636475
ind-DCBO-coarse-seed2019,ind,DCBO,coarse,2019,-12.035259258356414,54,7.92740535736084,0.013092820306984897,-2.008820209222299,0.003156185068132924,-4.010986171518075,0.004462544817788326,-6.015452877616039,0.0054740904210636475
ind-QDCBO-native-seed2019,ind,QDCBO,native,2019,-12.035259258356414,54,9.134398221969604,0.013092820306984897,-2.008820209222299,0.003156185068132924,-4.010986171518075,0.004462544817788326,-6.015452877616039,0.0054740904210636475
nonstat_regularized-DCBO-native-seed2019,nonstat_regularized,DCBO,native,2019,1.312471380307536,36,23.24085831642151,0.017381691177028282,4.279897109103386,0.004907933459989964,-7.275325124400077,0.005838001561226283,4.3078993956042275,0.006635756155812034
nonstat_regularized-DCBO-coarse-seed2019,nonstat_regularized,DCBO,coarse,2019,2.8056582670108217,54,9.847973108291626,0.013088955061291294,5.470053692776366,0.003156185068132924,-8.465481708073057,0.004464318380549242,5.801086282307512,0.005468451612609128
nonstat_regularized-QDCBO-native-seed2019,nonstat_regularized,QDCBO,native,2019,2.8056582670108217,54,9.609500885009766,0.013088955061291294,5.470053692776366,0.003156185068132924,-8.465481708073057,0.004464318380549242,5.801086282307512,0.005468451612609128
